CropID,CropName,LU_Desc-working,LU Group,SVIHM_CODE,LandIQ Group,LandIQ ID,Cropscape Group,Cropscape ID
-1,UNKNOWN,UNKNOWN,Barren-Burned,0,?,,Clouds/No Data - Other,81
10,STRUCTURAL PEST CONTROL,STRUCTURAL,Urban-CalPIP,0,--,,,
30,LANDSCAPE MAINTENANCE,LANDSCAPE,Barren-Burned,0,?,,,
40,RIGHTS OF WAY,RIGHTS OF WAY,Barren-Burned,0,? multiple: UV - VACANT & K - FREEWAYS,,,
50,PUBLIC HEALTH,PUBLIC HEALTH,Barren-Burned,0,?,,,
60,COUNTY AG COMM,COUNTY AG COMM,Barren-Burned,0,--,,,
70,MARIJUANA,MARIJUANA,Field Crops,0,--,,,
80,VERTEBRATE CONTROL,VERTEBRATE CONTROL,Barren-Burned,0,--,,,
90,COMMODITY FUMIGATION,FUMIGATION,Barren-Burned,0,--,,,
91,FUMIGATION,FUMIGATION,Barren-Burned,0,--,,,
99,RESEARCH COMMODITY,RESEARCH COMMODITY,Barren-Burned,0,--,,,
100,REGULATORY PEST CONTROL,REGULATORY PEST CONTROL,Barren-Burned,0,?,,,
151,N-GRNHS FLOWER,N-GRNHS FLOWER,Nurseries-Indoor,0,? not sure,,,
152,N-OUTDR FLOWER,N-OUTDR,Nurseries-Outdoor,0,?not sure,,,
153,N-GRNHS PLANTS IN CONTAINERS,N-GRNHS,Nurseries-Indoor,0,? not sure,,,
154,N-OUTDR PLANTS IN CONTAINERS,N-OUTDR,Nurseries-Outdoor,0,? not sure,,,
155,N-GRNHS TRANSPLANTS,N-GRNHS,Nurseries-Indoor,0,? not sure,,,
156,N-OUTDR TRANSPLANTS,N-OUTDR,Nurseries-Outdoor,0,? not sure,,,
1000,SMALL FRUITS/BERRY,SMALL FRUITS/BERRY,Cane-Bush Berries,0,?many,,,
1001,CANEBERRIES (ALL OR UNSPEC),CANEBERRIES,Cane-Bush Berries,0,--,,Crops,55
1002,BLACKBERRY,BLACKBERRY,Cane-Bush Berries,0,--,,,
1003,BOYSENBERRY,BOYSENBERRY,Cane-Bush Berries,0,,,,
1004,DEWBERRY,DEWBERRY,Cane-Bush Berries,0,--,,,
1005,LOGANBERRY,LOGANBERRY,Cane-Bush Berries,0,--,,,
1006,RASPBERRY,RASPBERRY,Cane-Bush Berries,0,--,,,
1009,BLUEBERRY,BLUEBERRY,Cane-Bush Berries,0,--,,Crops,242
1010,CRANBERRY,CRANBERRY,Cane-Bush Berries,0,--,,Crops,250
1011,CURRANT,CURRANT,Vineyards,0,--,,,
1013,GOOSEBERRY,GOOSEBERRY,Cane-Bush Berries,0,--,,,
1014,GRAPES (ALL OR UNSPEC),GRAPES,Vineyards,0,? same as above,,,
1015,HUCKLEBERRY (GAYLUSSACIA SPECIES ONLY),HUCKLEBERRY,Cane-Bush Berries,0,--,,,
1016,STRAWBERRY,STRAWBERRY,Strawberries,0,"T - TRUCK, NURSERY AND BERRY CROPS",T - 20,Crops,221
1017,OLALLIEBERRY,OLALLIEBERRY,Cane-Bush Berries,0,--,,,
1023,BUSHBERRY,BUSHBERRY,Cane-Bush Berries,0,"T - TRUCK, NURSERY AND BERRY CROPS",T - 19,,
1501,RAISIN (DRIED GRAPE),RAISIN,Vineyards,0,V - VINEYARDS ,V - 3,,
2000,CITRUS,CITRUS,Citrus and subtropical,0,? Same as above?,,Crops,72
2001,CITRON (CITRUS),CITRON,Citrus and subtropical,0,? oranges or general citrus,,,
2002,GRAPEFRUIT,GRAPEFRUIT,Citrus and subtropical,0,C - CITRUS AND SUBTROPICAL,C - 1,,
2003,KUMQUAT,KUMQUAT,Citrus and subtropical,0,--,,,
2004,LEMON,LEMON,Citrus and subtropical,0,C - CITRUS AND SUBTROPICAL,C - 2,,
2005,LIME,LIME,Citrus and subtropical,0,--,,,
2006,ORANGE,ORANGE,Citrus and subtropical,0,C - CITRUS AND SUBTROPICAL,C - 3,Crops,212
2007,TANGELO,TANGELO,Citrus and subtropical,0,--,,,
2008,TANGERINE,TANGERINE,Citrus and subtropical,0,--,,,
2009,CITRUS HYBRIDS OTHER THAN TANGELO,CITRUS HYBRIDS,Citrus and subtropical,0,? Same as above?,,,
2012,POMELO,POMELO,Citrus and subtropical,0,--,,,
2014,ORANGE,ORANGE,Citrus and subtropical,0,? Same as above?,,,
2501,LIMEQUAT,LIMEQUAT,Citrus and subtropical,0,,,,
3000,NUTS,NUTS,Deciduous fruits and nuts,0,?general,,,
3001,ALMOND,ALMOND,Deciduous fruits and nuts,0,D - DECIDUOUS FRUITS AND NUTS,D - 12,Crops,75
3003,CASHEW,CASHEW,Deciduous fruits and nuts,0,--,,,
3004,CHESTNUT,CHESTNUT,Deciduous fruits and nuts,0,--,,,
3005,FILBERT OR HAZELNUT,FILBERT OR HAZELNUT,Deciduous fruits and nuts,0,--,,,
3006,HICKORY NUT,HICKORY NUT,Deciduous fruits and nuts,0,--,,,
3007,MACADAMIA NUT,MACADAMIA NUT,Deciduous fruits and nuts,0,--,,,
3008,PECAN,PECAN,Deciduous fruits and nuts,0,--,,Crops,74
3009,WALNUT,WALNUT,Deciduous fruits and nuts,0,D - DECIDUOUS FRUITS AND NUTS,D - 13,Crops,76
3011,PISTACHIO,PISTACHIO,Deciduous fruits and nuts,0,D - DECIDUOUS FRUITS AND NUTS,D - 14,Crops,204
4000,POME FRUIT,POME FRUIT,Deciduous fruits and nuts,0,--,,,
4001,APPLE,APPLE,Deciduous fruits and nuts,0,D - DECIDUOUS FRUITS AND NUTS,D - 1,Crops,68
4002,CRABAPPLE,CRABAPPLE,Deciduous fruits and nuts,0,--,,,
4003,PEAR,PEAR,Deciduous fruits and nuts,0,D - DECIDUOUS FRUITS AND NUTS,D - 6,Crops,77
4004,QUINCE,QUINCE,Deciduous fruits and nuts,0,--,,,
4005,ASIAN PEAR,ASIAN PEAR,Deciduous fruits and nuts,0,--,,,
4501,ASIAN PEAR,ASIAN PEAR,Deciduous fruits and nuts,0,--,,,
5000,STONE FRUIT,STONE FRUIT,Deciduous fruits and nuts,0,--,,,
5001,APRICOT,APRICOT,Deciduous fruits and nuts,0,D - DECIDUOUS FRUITS AND NUTS,D - 2,Crops,223
5002,CHERRY,CHERRY,Deciduous fruits and nuts,0,--,,Crops,66
5003,NECTARINE,NECTARINE,Deciduous fruits and nuts,0,peaches and nectarines D - DECIDUOUS FRUITS AND NUTS ,D - 5,Crops,217
5004,PEACH,PEACH,Deciduous fruits and nuts,0,D - DECIDUOUS FRUITS AND NUTS,D - 5,Crops,67
5005,PLUM,PLUM,Deciduous fruits and nuts,0,D - DECIDUOUS FRUITS AND NUTS,D - 7,Crops,220
5006,PRUNE,PRUNE,Deciduous fruits and nuts,0,D - DECIDUOUS FRUITS AND NUTS,D - 8,Crops,210
5007,CHERRY,CHERRY,Deciduous fruits and nuts,0,--,,,
5008,CHERRY,CHERRY,Deciduous fruits and nuts,0,--,,,
5505,PLUOT,PLUOT,Deciduous fruits and nuts,0,--,,,
6000,TROPICAL/SUBTROPICAL FRUIT,TROPICAL FRUIT,Deciduous fruits and nuts,0,"C - CITRUS AND SUBTROPICAL""",C - 7,,
6001,AVOCADO (SUBTROPICAL AND TROPICAL FRUIT),AVOCADO,Citrus and subtropical,0,--,,,
6002,BANANA,BANANA,Citrus and subtropical,0,--,,,
6004,DATE,DATE,Citrus and subtropical,0,C - CITRUS AND SUBTROPICAL,C - 4,,
6005,FIG,FIG,Deciduous fruits and nuts,0,D - DECIDUOUS FRUITS AND NUTS,D - 9,,
6006,GUAVA,GUAVA,Citrus and subtropical,0,--,,,
6007,MANGO,MANGO,Citrus and subtropical,0,--,,,
6008,LOQUAT,LOQUAT,Citrus and subtropical,0,--,,,
6010,PAPAYA,PAPAYA,Citrus and subtropical,0,--,,,
6012,PERSIMMON,PERSIMMON,Deciduous fruits and nuts,0,--,,,
6013,PINEAPPLE,PINEAPPLE,Citrus and subtropical,0,--,,,
6014,PASSION FRUIT (TAMARILLO,PASSION FRUIT,Citrus and subtropical,0,--,,,
6015,POMEGRANATE,POMEGRANATE,Citrus and subtropical,0,--,,Crops,217
6017,LITCHI NUT,LITCHI NUT,Citrus and subtropical,0,--,,,
6018,KIWI,KIWI,Citrus and subtropical,0,C - CITRUS AND SUBTROPICAL,C - 8,,
6028,CACTUS PEAR,CACTUS PEAR,Citrus and subtropical,0,--,,,
6030,CHERIMOYA,CHERIMOYA,Deciduous fruits and nuts,0,--,,,
6037,FIG,FIG,Deciduous fruits and nuts,0,? same as above?,,,
6504,JUJUBE,JUJUBE,Deciduous fruits and nuts,0,--,,,
7000,BEVERAGE CROP,BEVERAGE CROP,Grain Crops,0,--,,,
7001,COCOA (BEVERAGE CROP) (COCOA BEANS),COCOA,Citrus and subtropical,0,--,,,
7002,COFFEE (BEVERAGE CROP),COFFEE,Citrus and subtropical,0,--,,,
8000,HERB,HERB,Rotational 30-day,0,--,,,
8001,HERBACEOUS FLAVORING AND SPICE CROPS,HERBACEOUS FLAVORING AND SPICE CROPS,Rotational 30-day,0,--,,,
8004,ANISE,ANISE,Rotational 30-day,0,--,,,
8005,BALM,BALM,Rotational 30-day,0,--,,,
8006,BASIL,BASIL,Rotational 30-day,0,--,,,
8015,DILL,DILL,Rotational 30-day,0,--,,,
8017,FENNEL (SWEET OR FLORENCE; SWEET ANISE,FENNEL,Lettuce,0,--,,,
8019,GINGER,GINGER,Root Vegetables,0,--,,,
8020,HOPS,HOPS,Rotational 30-day,0,F - FIELD CROPS ,F - 4,Crops,56
8026,OREGANO,OREGANO,Rotational 30-day,0,--,,,
8032,ROSEMARY,ROSEMARY,Rotational 30-day,0,--,,,
8035,SAGE,SAGE,Rotational 30-day,0,--,,,
8036,SAVORY,SAVORY,Rotational 30-day,0,--,,,
8041,TARRAGON,TARRAGON,Rotational 30-day,0,--,,,
8042,THYME,THYME,Rotational 30-day,0,--,,,
8050,PEPPER,PEPPER,Tomato-Peppers,0,"? includes chilli, bell, etc T - TRUCK, NURSERY AND BERRY CROPS ",T - 21,Crops,216
8060,MAJORAM,MAJORAM,Rotational 30-day,0,--,,,
8061,MARIGOLD,MARIGOLD,Nurseries-Outdoor,0,--,,,
10000,CUCURBITS,CUCURBITS,Cucumber-Melons-Squash,0,--,,,
10001,MELONS (ALL OR UNSPEC),MELONS (ALL OR UNSPEC),Cucumber-Melons-Squash,0,? same as above?,,,
10002,CANTALOUPE,CANTALOUPE,Cucumber-Melons-Squash,0,--,,Crops,209
10003,CASABA MELON,CASABA MELON,Cucumber-Melons-Squash,0,--,,,
10004,CRENSHAW MELON,CRENSHAW MELON,Cucumber-Melons-Squash,0,--,,,
10005,HONEYDEW AND/OR HONEY BALL MELONS,HONEYDEW AND/OR HONEY BALL MELONS,Cucumber-Melons-Squash,0,--,,Crops,213
10006,MUSKMELON,MUSKMELON,Cucumber-Melons-Squash,0,--,,,
10007,PERSIAN MELON,PERSIAN MELON,Cucumber-Melons-Squash,0,--,,,
10008,WATERMELON,WATERMELON,Cucumber-Melons-Squash,0,--,,Crops,48
10010,CUCUMBER,CUCUMBER,Cucumber-Melons-Squash,0,"? includes melons, squash, cucumbers (all types) T - TRUCK, NURSERY AND BERRY CROPS",T - 9,Crops,50
10011,PUMPKIN,PUMPKIN,Cucumber-Melons-Squash,0,--,,Crops,229
10012,SQUASH,SQUASH,Cucumber-Melons-Squash,0,"? includes melons, squash, cucumbers (all types) T - TRUCK, NURSERY AND BERRY CROPS",,Crops,222
10013,SQUASH,SQUASH,Cucumber-Melons-Squash,0,? same as above?,,,
10014,SQUASH,SQUASH,Cucumber-Melons-Squash,0,? same as above?,,,
10015,SQUASH,SQUASH,Cucumber-Melons-Squash,0,? same as above?,,,
10017,BITTER MELON,BITTER MELON,Cucumber-Melons-Squash,0,--,,,
10018,CHINESE OKRA,CHINESE OKRA,Cucumber-Melons-Squash,0,--,,,
10026,GOURD,GOURD,Cucumber-Melons-Squash,0,--,,Crops,249
10030,CHAYOTE,CHAYOTE,Cucumber-Melons-Squash,0,--,,,
11000,VEGETABLES,VEGETABLES,Tomato-Peppers,0,? same as above,,,
11001,EGGPLANT,EGGPLANT,Tomato-Peppers,0,--,,Crops,248
11003,PEPPER,PEPPER,Tomato-Peppers,0,? same as above,,,
11004,PIMENTO,PIMENTO,Rotational 30-day,0,--,,,
11005,TOMATO,TOMATO,Tomato-Peppers,0,"? ""tomatoes (processing)"" OR ""tomatoes (market)""  T - TRUCK, NURSERY AND BERRY CROPS",T - 15 OR T - 26,Tomatoes - Crops,54
11008,TOMATILLO,TOMATILLO,Tomato-Peppers,0,--,,,
13000,VEGETABLES,VEGETABLES,Tomato-Peppers,0,? same as above?,,,
13001,BEETS,BEETS,Root Vegetables,0,? same as above?,,,
13002,CELERY (LEAFY VEGETABLE),CELERY (LEAFY VEGETABLE),Celery,0,? Same as above?,,,
13003,CHICORY (BELGIAN,CHICORY (BELGIAN,Nurseries-Outdoor,0,--,,,
13004,COLE CROP,COLE CROP,Crucifers-Cabbages,0,"? mixed with 22- 25 T - TRUCK, NURSERY AND BERRY CROPS",T - 4,,
13005,BROCCOLI,BROCCOLI,Crucifers-Cabbages,0,"T - TRUCK, NURSERY AND BERRY CROPS",T - 22,Crops,214
13006,BRUSSELS SPROUT,BRUSSELS SPROUT,Crucifers-Cabbages,0,"T - TRUCK, NURSERY AND BERRY CROPS",T - 25,,
13007,CABBAGE,CABBAGE,Crucifers-Cabbages,0,"T - TRUCK, NURSERY AND BERRY CROPS",T - 23,Crops,243
13008,CAULIFLOWER,CAULIFLOWER,Crucifers-Cabbages,0,"T - TRUCK, NURSERY AND BERRY CROPS",T - 24,Crops,244
13009,COLLARD,COLLARD,Lettuce,0,--,,,
13010,CHINESE CABBAGE (NAPPA),CHINESE CABBAGE,Crucifers-Cabbages,0,? same as cabbage?,,,
13011,KALE,KALE,Lettuce,0,--,,,
13012,KOHLRABI,KOHLRABI,Lettuce,0,--,,,
13013,CORN SALAD,CORN SALAD,Corn,0,? Same as above?,,,
13014,DANDELION GREEN,DANDELION GREEN,Nurseries-Outdoor,0,--,,,
13015,ENDIVE (ESCAROLE),ENDIVE,Crucifers-Cabbages,0,--,,,
13017,CRESS,CRESS,Rotational 30-day,0,--,,,
13018,Artichokes,Artichokes,Artichokes,0,"T - TRUCK, NURSERY AND BERRY CROPS",T - 1,,
13020,LETTUCE (ALL OR UNSPEC),LETTUCE,Lettuce,0,"T - TRUCK, NURSERY AND BERRY CROPS",T - 8,,
13021,MUSTARD GREENS,MUSTARD GREENS,Rotational 30-day,0,--,,,
13022,PARSLEY,PARSLEY,Rotational 30-day,0,--,,,
13023,RHUBARB,RHUBARB,Rotational 30-day,0,--,,,
13024,SPINACH,SPINACH,Rotational 30-day,0,"T - TRUCK, NURSERY AND BERRY CROPS",T - 14,,
13025,SWISS CHARD,SWISS CHARD,Lettuce,0,--,,,
13026,TURNIP GREENS,TURNIP GREENS,Rotational 30-day,0,--,,,
13027,WATERCRESS,WATERCRESS,Rotational 30-day,0,--,,,
13028,LETTUCE,LETTUCE,Lettuce,0,"? same as ""Lettuce (all types)""?",,Crops,227
13029,LETTUCE,LETTUCE,Lettuce,0,"? same as ""Lettuce (all types)""?",,,
13030,LETTUCE,LETTUCE,Lettuce,0,"? same as ""Lettuce (all types)""?",,,
13031,LETTUCE,LETTUCE,Lettuce,0,"? same as ""Lettuce (all types)""?",,,
13032,CARDOON,CARDOON,Artichokes,0,--,,,
13033,AMARANTH,AMARANTH- leafy,Rotational 30-day,0,--,,,
13035,BURDOCK (LEAFY VEGETABLE),BURDOCK,Rotational 30-day,0,--,,,
13036,RAPE (LEAFY VEGETABLE),RAPE (LEAFY VEGETABLE),Rotational 30-day,0,--,,,
13037,WATER CONVOLVULUS,CONVOLVULUS,Rotational 30-day,0,--,,,
13038,CHINESE RADISH/DAIKON (LOBOK,CHINESE RADISH/DAIKON (LOBOK,Root Vegetables,0,--,,,
13039,UPLAND CRESS,UPLAND CRESS,Rotational 30-day,0,--,,,
13041,LEAFY VEGETABLES (NONCRUCIFERS) (ALL OR UNSPEC),LEAFY VEGETABLES (NONCRUCIFERS) (ALL OR UNSPEC),Lettuce,0,--,,,
13043,VEGETABLES,VEGETABLES,Tomato-Peppers,0,? same as above,,,
13044,SPINACH,SPINACH,Rotational 30-day,0,? same as above?,,,
13045,LETTUCE,LETTUCE,Lettuce,0,"? same as ""Lettuce (all types)""?",,,
13046,SHUNGIKU,SHUNGIKUleafy,Rotational 30-day,0,--,,,
13048,CACTUS LEAF,CACTUS LEAF,Citrus and subtropical,0,--,,,
13050,POKE (POKE GREENS,POKE,Rotational 30-day,0,--,,,
13051,BAMBOO SHOOTS,BAMBOO SHOOTS,Citrus and subtropical,0,--,,,
13052,RAPINI,RAPINI,Crucifers-Cabbages,0,--,,,
13053,CHINESE BROCCOLI (GAI LON),CHINESE BROCCOLI (GAI LON),Crucifers-Cabbages,0,--,,,
13054,MUSTARD CABBAGE (PAK CHOI),MUSTARD CABBAGE (PAK CHOI),Crucifers-Cabbages,0,--,,,
13055,CHERVIL,CHERVIL,Rotational 30-day,0,--,,,
13056,ARUGULA,ARUGULA,Rotational 30-day,0,--,,,
13058,CHRYSANTHEMUM,CHRYSANTHEMUM,Nurseries-Outdoor,0,--,,,
13061,PURSLANE,PURSLANE-herb leafy,Rotational 30-day,0,--,,,
13501,CILANTRO,CILANTRO,Rotational 30-day,0,--,,,
13502,BOK CHOY,BOK CHOY,Crucifers-Cabbages,0,--,,,
13503,CHINESE CHIVES,CHINESE CHIVES,Rotational 30-day,0,--,,,
13504,MIZUNA,MIZUNA,Crucifers-Cabbages,0,--,,,
13505,CABBAGE,CABBAGE,Crucifers-Cabbages,0,? Same as above?,,,
13509,GAI CHOY,GAI CHOY,Rotational 30-day,0,--,,,
13514,MUSTARD,MUSTARD,Rotational 30-day,0,--,,"Grains, Hay, Seeds",35
13515,TAT SOI (SPINACH MUSTARD),TAT SOI,Rotational 30-day,0,--,,,
13516,SPINACH,SPINACH,Rotational 30-day,0,? same as above?,,,
13517,SPINACH,SPINACH,Rotational 30-day,0,? same as above?,,,
13519,INDIAN AMARANTH (HINN CHOY),INDIAN AMARANTH (HINN CHOY),Rotational 30-day,0,--,,,
13523,CHRYSANTHEMUM,CHRYSANTHEMUM,Nurseries-Outdoor,0,--,,,
13524,RADICCHIO,RADICCHIO leafy,Rotational 30-day,0,--,,,
13525,BROCCOFLOWER,BROCCOFLOWER,Crucifers-Cabbages,0,--,,,
13903,GAI LON,GAI LON,Crucifers-Cabbages,0,--,,,
13999,CHINESE GREENS,CHINESE GREENS,Rotational 30-day,0,--,,,
14000,ROOT CROP VEGETABLES (ALL OR UNSPEC),ROOT CROP VEGETABLES (ALL OR UNSPEC),Root Vegetables,0,--,,,
14001,BEETS,BEETS,Root Vegetables,0,? same as above?,,,
14003,CARROTS (ROOT CROP),CARROTS (ROOT CROP),Carrots,0,? Same as above?,,,
14004,CELERIAC,CELERIAC,Root Vegetables,0,"? same as ""celery"" T - TRUCK, NURSERY AND BERRY CROPS",T - 7,,
14005,CHIVE,CHIVE,Rotational 30-day,0,--,,,
14007,GARLIC,GARLIC,Onions-Garlic,0,"?combined with onions? T - TRUCK, NURSERY AND BERRY CROPS",T - 10,Crops,208
14010,LEEK,LEEK,Lettuce,0,--,,,
14011,ONION,ONION,Onions-Garlic,0,"? combined with garlic T - TRUCK, NURSERY AND BERRY CROPS",T - 10,Crops,49
14012,PARSNIP,PARSNIP,Root Vegetables,0,---,,,
14013,POTATO,POTATO,Root Vegetables,0,"T - TRUCK, NURSERY AND BERRY CROPS",T - 12,Crops,43
14014,RADISH,RADISH,Root Vegetables,0,--,,Crops,246
14015,RUTABAGA,RUTABAGA,Root Vegetables,0,--,,,
14017,SHALLOT,SHALLOT,Onions-Garlic,0,--,,,
14018,SWEET POTATO,SWEET POTATO,Root Vegetables,0,"T - TRUCK, NURSERY AND BERRY CROPS",T - 13,Crops,46
14021,YAM,YAM,Root Vegetables,0,--,,,
14022,BURDOCK (ROOT CROP),BURDOCK (ROOT CROP),Root Vegetables,0,--,,,
14023,DAIKON,DAIKON,Root Vegetables,0,--,,,
14024,JICAMA,JICAMA,Root Vegetables,0,--,,,
14025,LOTUS ROOT,LOTUS ROOT,Root Vegetables,0,--,,,
15000,SEED AND POD VEGETABLES (ALL OR UNSPEC),SEED AND POD VEGETABLES (ALL OR UNSPEC),Legumes,0,"? same as ""Seed crop: any crop grown for seed?"" S - SEED CROP",S,,
15001,BEAN,BEAN,Legumes,0,"?general or referring ot ""dry beans""",,,
15002,BEANS,BEANS,Legumes,0,? same as above?,,,
15003,BEAN,BEAN,Legumes,0,?same as above?,,,
15004,CORN,CORN,Corn,0,F - FIELD CROPS,F - 6,Crops,1
15005,CORN,CORN,Corn,0,? Same as above?,,"Crops, Sweet Corn",12
15008,PEAS,PEAS,Legumes,0,"T - TRUCK, NURSERY AND BERRY CROPS",T - 11,Crops,53
15010,SOYBEAN GRAIN,SOYBEAN GRAIN,Grain Crops,0,--,,,
15013,BEAN SPROUT,BEAN SPROUT,Rotational 30-day,0,"? same as ""bean""?",,,
15015,OKRA,OKRA,Cucumber-Melons-Squash,0,--,,,
15018,SUNFLOWER (CONFECTIONARY VARIETIES),SUNFLOWER (CONFECTIONARY VARIETIES),Nurseries-Outdoor,0,? same as above?,,,
15021,ALFALFA SPROUT,ALFALFA SPROUT short term herbs,Rotational 30-day,0,"? same as ""alfalfa & alfalfa mixture""? P - PASTURE",P - 1,,
15025,BEANS,BEANS,Legumes,0,? same as above?,,,
15027,BEANS (ALL OR UNSPEC) (SEED & POD VEGETABLE),BEANS (ALL OR UNSPEC) (SEED & POD VEGETABLE),Legumes,0,? same as above?,,Dry Beans - Crop,42
15029,SOYBEAN SPROUT,SOYBEAN SPROUT  short term herbs,Rotational 30-day,0,--,,,
15031,PEAS,PEAS,Legumes,0,? same as above?,,,
15032,GARBANZO BEAN,GARBANZO BEAN,Legumes,0,--,,Chick Peas - Crops,51
15046,COWPEA/BLACKEYED PEA,COWPEA/BLACKEYED PEA,Legumes,0,--,,,
15503,BEANS,BEANS,Legumes,0,? same as above?,,,
15506,BEANS (GREEN,BEANS (GREEN,Legumes,0,"T - TRUCK, NURSERY AND BERRY CROPS",F - 3,,
15507,BEANS (SNAP),BEANS (SNAP),Legumes,0,--,,,
15510,PEAS (ALL OR UNSPEC) (SEED & POD VEGETABLE),PEAS (ALL OR UNSPEC) (SEED & POD VEGETABLE),Legumes,0,? same as above?,,,
16002,ASPARAGUS,ASPARAGUS,Artichokes,0,"T - TRUCK, NURSERY AND BERRY CROPS",T - 2,Crops,207
16003,MUSHROOM,MUSHROOM,Nurseries-Indoor,0,--,,,
16004,ONION,ONION,Onions-Garlic,0,? same as above?,,,
16005,ONIONS (SCALLIONS),ONIONS (SCALLIONS),Rotational 30-day,0,--,,,
21000,FIBER CROP,FIBER CROP,Field Crops,0,--,,,
21001,COTTON (FIBER CROP) (RANK,COTTON (FIBER CROP) (RANK,Field Crops,0,? same as above?,,,
21003,HEMP,HEMP,Field Crops,0,--,,,
21005,RAMIE,RAMIE leafy greens,Rotational 30-day,0,--,,,
22000,FORAGE HAY/SILAGE,FORAGE HAY/SILAGE,Field Crops,0,"? same as ""miscellaneous grain and hay""? G - GRAIN AND HAY CROPS", G - 6,"Other Hay/Non Alfalfa - Grains, Hay, Seeds",37
22001,HAYLAGE (HAY SILAGE) GENERAL (FORAGE - FODDER),HAYLAGE (HAY SILAGE) GENERAL (FORAGE - FODDER),Field Crops,0,? not sure,,,
22004,SORGHUM (FORAGE - FODDER),SORGHUM (FORAGE - FODDER),Field Crops,0,"? not sure "" Grain sorghum""? F - FIELD CROPS",,,
22005,CORN (FORAGE - FODDER),CORN,Field Crops,0,F - FIELD CROPS,F - 6,,
22006,OAT (FORAGE - FODDER),OAT (FORAGE - FODDER),Field Crops,0,G - GRAIN AND HAY CROPS,G - 3,,
22007,WHEAT (FORAGE - FODDER),WHEAT (FORAGE - FODDER),Field Crops,0,G - GRAIN AND HAY CROPS,G - 2,,
22008,BARLEY (FORAGE - FODDER),BARLEY (FORAGE - FODDER),Field Crops,0,G - GRAIN AND HAY CROPS,G - 1,,
22011,SUDANGRASS,SUDANGRASS,Golf Course Turf-Parks,0,"? same as ""Sudan"" F - FIELD CROPS",F - 8,,
22013,PASTURE (FORAGE - FODDER),PASTURE (FORAGE - FODDER),Field Crops,0,? General P - PASTURE,"? Not sure, just label it as ""P"", this is ageneral category",,
22017,BERMUDAGRASS,BERMUDAGRASS,Golf Course Turf-Parks,0,P - PASTURE,P - 8,,
22023,LOVEGRASS (FORAGE - FODDER),LOVEGRASS (FORAGE - FODDER),Field Crops,0,--,,,
22028,ORCHARDGRASS,ORCHARDGRASS,Field Crops,0,--,,,
22029,TIMOTHY,TIMOTHY,Field Crops,0,--,,,
22032,RANGELAND (GRASSES) (FORAGE - FODDER),RANGELAND (GRASSES) (FORAGE - FODDER),Pasture,0,? miscellanaeous grasses?  P - PASTURE ,P - 6,,
22035,RYEGRASS,RYEGRASS,Grain Crops,0,P - PASTURE,P - 9,,
22038,BENTGRASS (FORAGE - FODDER),BENTGRASS (FORAGE - FODDER),Field Crops,0,--,,,
23000,LEGUME (FORAGE - FODDER),LEGUME (FORAGE - FODDER),Field Crops,0,--,,,
23001,ALFALFA,ALFALFA,Field Crops,0,P -  PASTURE ,P - 1,"Grains, Hay, Seeds",36
23002,BEANS (FORAGE - FODDER) (VELVET,BEANS (FORAGE - FODDER) (VELVET,Field Crops,0,? Beans (dry) F - FIELD CROPS,F - 10,,
23003,CLOVER,CLOVER,Field Crops,0,P - PASTURE, P - 2,Clover/Wildflowers - Crops,58
23005,COTTON (FORAGE - FODDER),COTTON (FORAGE - FODDER),Field Crops,0,"? same as ""cotton""?",,,
23007,PEANUTS (FORAGE - FODDER),PEANUTS (FORAGE - FODDER),Field Crops,0,--,,,
23008,PEAS (FORAGE - FODDER),PEAS,Legumes,0,? same as above?,,,
23009,SUGARBEET (FORAGE - FODDER),SUGARBEET (FORAGE - FODDER),Field Crops,0,F - FIELD CROPS,F - 5,,
23010,VETCH,VETCH,Field Crops,0,--,,Crops,224
23011,TREFOIL,TREFOIL,Field Crops,0,--,,,
23014,CLOVER,CLOVER,Field Crops,0,? same as above?,,,
23015,CLOVER,CLOVER,Field Crops,0,? same as above?,,,
23025,CARROT (FORAGE - FODDER),CARROT (FORAGE - FODDER),Field Crops,0,"? same as ""carrots"" alone T - TRUCK, NURSERY AND BERRY CROPS", T - 6,,
23031,CLOVER,CLOVER,Field Crops,0,? same as above?,,,
23036,BEET (FORAGE - FODDER),BEET (FORAGE - FODDER),Field Crops,0,"? same as ""sugar beets? F - FIELD CROPS",F - 5,,
23501,TURNIP (FORAGE - FODDER),TURNIP (FORAGE - FODDER),Field Crops,0,--,,,
24000,GRAIN CROPS,GRAIN CROPS,Grain Crops,0,? same as above?,,,
24001,BARLEY (GRAIN CROP),BARLEY (GRAIN CROP),Grain Crops,0,? same as above?,,,
24002,CORN,CORN,Corn,0,? Same as above?,,"Crops, Pop or Orn Corn",13
24004,RICE (GRAIN CROP),RICE (GRAIN CROP),Rice,0,? same as above?,,,
24006,SORGHUM (GRAIN CROP) (MILO,SORGHUM (GRAIN CROP) (MILO,Grain Crops,0,"? ""same as ""grain sorghum""? F - FIELD CROPS",,,
24007,WHEAT (GRAIN CROP),WHEAT (GRAIN CROP),Grain Crops,0,? same as above?,,"Winter - Grains, Hay, Seeds",24
24011,TRITICALE,TRITICALE,Field Crops,0,--,,Crops,205
24013,RICE,RICE,Rice,0,? general category or specific  R - RICE,R - 1,Crops,3
24017,CORN,CORN,Corn,0,? Same as above?,,,
25001,HONEY COMB (WITH HONEY) (SUGAR CROP),HONEY COMB (WITH HONEY) (SUGAR CROP),Semiagricultural,0,--,,,
25002,SUGARBEET (SUGAR CROP),SUGARBEET (SUGAR CROP),Root Vegetables,0,? same as above?,,,
25003,SUGARCANE,SUGARCANEmaybe with corn,Corn,0,? Sugar cane alone F - FIELD CROPS,F - 15,Crops,45
25005,SORGHUM (SUGAR CROP) (SWEET,SORGHUM (SUGAR CROP) (SWEET,Grain Crops,0,"? ""same as ""grain sorghum""? F - FIELD CROPS",,,
25501,HONEY,HONEY,Semiagricultural,0,--,,,
26003,TOBACCO,TOBACCO,Field Crops,0,--,,Crops,11
26015,GUAYULE,GUAYULEshrub used for commercial rubber,Field Crops,0,--,,,
27000,OILSEED,OILSEED if not grain,Seed oil,0,--,,,
27001,CASTORBEAN,CASTORBEAN,Seed oil,0,F - FIELD CROPS,F - 9,,
27003,COTTONSEED OIL,COTTONSEED OIL,Seed oil,0,--,,,
27010,SOYBEAN OIL,SOYBEAN OIL,Seed oil,0,--,,,
27017,RAPE OIL,RAPE OIL,Seed oil,0,--,,,
27018,JOJOBA BEAN,JOJOBA BEAN,Seed oil,0,--,,,
27502,ALOE VERA,ALOE VERA,Citrus and subtropical,0,--,,,
28000,AVOCADO,AVOCADO,Citrus and subtropical,0,C - CITRUS AND SUBTROPICAL,C - 5,,
28001,BEAN,BEAN,Legumes,0,? same as above?,,,
28002,BEETS,BEETS,Root Vegetables,0,? same as above?,,,
28003,CELERY (ALL OR UNSPEC),CELERY,Celery,0,? Same as above?,,,
28004,COCONUT,COCONUT,Citrus and subtropical,0,--,,,
28005,CORN (ALL OR UNSPEC),CORN,Corn,0,? Same as above?,,,
28006,CORN,CORN,Corn,0,? Same as above?,,,
28007,COTTON (ALL OR UNSPEC),COTTON (ALL OR UNSPEC),Field Crops,0,? same as above?,,,
28008,FENNEL,FENNEL,Rotational 30-day,0,--,,,
28009,FLAX,FLAX,Field Crops,0,F - FIELD CROPS,F - 3,"Flaxseed - Grains, Hay, Seeds",32
28011,HORSERADISH,HORSERADISH,Root Vegetables,0,--,,,
28012,MINT,MINT,Rotational 30-day,0,--,,Crops,14
28014,OLIVE,OLIVE,Citrus and subtropical,0,C - CITRUS AND SUBTROPICAL,C - 6,Crops,211
28015,PEANUTS (ALL OR UNSPEC),PEANUTS (ALL OR UNSPEC),Legumes,0,--,,Crops,10
28016,PEAS (ALL OR UNSPEC) (ALL OF UNSPEC),PEAS (ALL OR UNSPEC) (ALL OF UNSPEC),Legumes,0,? same as above?,,,
28017,PEPPERS (ALL OR UNSPEC),PEPPERS (ALL OR UNSPEC),Tomato-Peppers,0,? same as above?,,,
28018,SESAME,SESAME,Seed oil,0,--,,,
28019,SORGHUM (ALL OR UNSPEC),SORGHUM (ALL OR UNSPEC),Grain Crops,0,"? ""same as ""grain sorghum""? F - FIELD CROPS",F - 7,Crops,4
28020,SUGARBEET,SUGARBEET,Root Vegetables,0,F - FIELD CROPS,F - 5,Crops,41
28021,SUNFLOWER (ALL OR UNSPEC),SUNFLOWER (ALL OR UNSPEC),Nurseries-Outdoor,0,F - FIELD CROPS,F - 12,Crops,6
28022,TURNIPS (ALL OR UNSPEC),TURNIPS (ALL OR UNSPEC),Root Vegetables,0,--,,,
28023,SOYBEAN,SOYBEAN,Grain Crops,0,--,,Crops,5
28024,VEGETABLE,VEGETABLE,Tomato-Peppers,0,? general,,,
28025,FRUITS,FRUITS,Citrus and subtropical,0,? general?,,,
28027,BARLEY-LEGUME MIXTURE,BARLEY-LEGUME MIXTURE,Grain Crops,0,? not sure?,,,
28034,CHICORY,CHICORY,Field Crops,0,--,,,
28035,PASTURELAND,PASTURELAND,Pasture,0,? Main group includes all pasture? P - PASTURE, ?,NLCD-Derived Class,176
28036,FRUIT TREES,FRUIT TREES,Deciduous fruits and nuts,0,--,,,
28039,SMALL SEEDED LEGUMES (ALL OR UNSPEC),SMALL SEEDED LEGUMES (ALL OR UNSPEC)--maybe with green beans?,Legumes,0,--,,,
28040,SEEDS,SEEDS--maybe seed group?,Seed oil,0,"? same as ""Seed crop: any crop grown for seed?"" S - SEED CROP",,,
28043,VINE FRUITS,VINE FRUITS,Vineyards,0,"? same as general category "" vineyards"" V - VINEYARDS",,,
28045,RANGELAND,RANGELAND,Pasture,0,,,,
28047,TARO ROOT,TARO ROOT,Root Vegetables,0,--,,,
28048,BURDOCK,BURDOCK,Root Vegetables,0,--,,,
28051,CANOLA (RAPE),CANOLA (RAPE),Seed oil,0,--,,"Grains, Hay, Seeds",31
28059,FAVA BEAN,FAVA BEAN,Legumes,0,--,,,
28061,ROOT VEGETABLE,ROOT VEGETABLE,Root Vegetables,0,--,,,
28062,OATS (ALL OR UNSPEC),OATS (ALL OR UNSPEC),Grain Crops,0,? same as above?,,,
28063,BARLEY (ALL OR UNSPEC),BARLEY (ALL OR UNSPEC),Grain Crops,0,? same as above?,,,
28064,RYE,RYE,Grain Crops,0,"? same as ""rye grass""",,"Grains, Hay, Seeds",27
28065,WHEAT (ALL OR UNSPEC),WHEAT (ALL OR UNSPEC),Grain Crops,0,? same as above?,,"Spring - Grains, Hay, Seeds",23
28066,GRASS,GRASS,Field Crops,0,"? general or ""miscellaneaous grasses""? P - PASTURE",P - 6,,
28069,ALFALFA-GRASS MIXTURE,ALFALFA-GRASS MIXTURE,Field Crops,0,P -  PASTURE ,P - 1,,
28071,HERBS/SPICE TREES,HERBS/SPICE TREES,Ag_Trees,0,--,,Herbs - Crops,57
28072,RICE,RICE,Rice,0,? same as above?,,,
28073,CARROTS (ALL OR UNSPEC),CARROTS (ALL OR UNSPEC),Carrots,0,? Same as above?,,,
28074,PEAS,PEAS,Legumes,0,? same as above?,,,
28076,SAFFLOWER (ALL OR UNSPEC),SAFFLOWER (ALL OR UNSPEC),Seed oil,0,? same as above?,,,
28078,GRAIN,GRAIN,Grain Crops,0,? general?  G - GRAIN AND HAY CROPS,G ?,"Other Small Grains - Grains, Hay, Seeds",25
28080,PEPPERMINT,PEPPERMINT-herb leafy,Rotational 30-day,0,--,,,
28084,NONFOOD/NONFEED CROPS (ALL OR UNSPEC),NONFOOD CROPS,Semiagricultural,0,--,,,
28102,HOME GARDEN OR YARD (AG. CROP SITUATION),HOME GARDEN OR YARD (AG. CROP SITUATION),Semiagricultural,0,--,,,
28109,ISOLATED PORTION OF A FIELD (CROPLAND),ISOLATED PORTION OF A FIELD (CROPLAND),Semiagricultural,0,--,,,
28504,SALSIFY,SALSIFY,Root Vegetables,0,--,,,
28509,ORCHARD FLOOR,ORCHARD FLOOR,Deciduous fruits and nuts,0,--,,,
28985,RESEARCH CROPS (NOT FOR CONSUMPTION),RESEARCH CROPS (NOT FOR CONSUMPTION),Semiagricultural,0,--,,,
29008,EDIBLE FLOWERS,EDIBLE FLOWERS,Nurseries-Indoor,0,? cauliflower?,,,
29024,BLACKEYE PEAS (SHOULD BE 15008),BLACKEYE PEAS (SHOULD BE 15008),Legumes,0,"? only general ""peas""",,,
29025,CHINA PEAS (SHOULD BE 15009),CHINA PEAS (SHOULD BE 15009),Legumes,0,--,,,
29103,BARLEY,BARLEY,Grain Crops,0,G - GRAIN AND HAY CROPS,G - 1,"Grains, Hay, Seeds",21
29109,BEET,BEET,Root Vegetables,0,? same as sugar beet?,,,
29111,CARROT,CARROT,Carrots,0,"T - TRUCK, NURSERY AND BERRY CROPS",T - 6,Crops,206
29113,CELERY,CELERY,Celery,0,"T - TRUCK, NURSERY AND BERRY CROPS",T - 7,Crops,245
29119,CORN,CORN,Corn,0,? Same as above?,,,
29121,COTTON,COTTON,Field Crops,0,F - FIELD CROPS,F - 1,Crops,2
29122,MELON,MELON,Cucumber-Melons-Squash,0,"? includes melons, squash, cucumbers (all types) T - TRUCK, NURSERY AND BERRY CROPS",T - 9,,
29123,MUSTARD,MUSTARD,Rotational 30-day,0,--,,,
29125,OAT,OAT,Grain Crops,0,G - GRAIN AND HAY CROPS,G - 3,"Grains, Hay, Seeds",28
29126,PEANUT,PEANUT,Legumes,0,--,,,
29127,PEAS,PEAS,Legumes,0,? same as above?,,,
29129,SAFFLOWER,SAFFLOWER,Seed oil,0,F - FIELD CROPS,F - 2,"Grains, Hay, Seeds",33
29131,SORGHUM/MILO,SORGHUM/MILO,Grain Crops,0,"? ""same as ""grain sorghum""? F - FIELD CROPS",,,
29133,SUNFLOWER,SUNFLOWER,Nursery-Outdoor,0,? same as above?,,,
29135,SUGARBEET,SUGARBEET,Root Vegetables,0,? same as above?,,,
29136,TOMATO,TOMATO,Tomato-Peppers,0,? same as above?,,,
29137,TURNIP,TURNIP,Root Vegetables,0,--,,Crops,247
29139,WHEAT,WHEAT,Grain Crops,0,G - GRAIN AND HAY CROPS,G - 2,"Durum - Grains, Hay, Seeds",22
29141,GRAPE,GRAPE,Vineyards,0,"? same as general category "" vineyards"" V - VINEYARDS",V,Crops,69
29143,GRAPE,GRAPE,Vineyards,0,? same as above,,,
29510,NURSERIES (ALL OR UNSPEC),NURSERIES (ALL OR UNSPEC),Nurseries-Outdoor,0,? combined with truck and berry crops?,,,
30000,FOREST,FOREST,Woodlands,0,NV - NATIVE VEGETATION,NV - 6,Non-Crop,63
30001,FOREST TREES (DECIDUOUS,FOREST TREES (DECIDUOUS,Woodlands,0,?,,NLCD-Derived Class,141
30005,CHRISTMAS TREE,CHRISTMAS TREE,Ag_Trees,0,"T - TRUCK, NURSERY AND BERRY CROPS",T - 16,Crops,70
30006,FOREST PLANTINGS,FOREST PLANTINGS,Ag_Trees,0,NV - NATIVE VEGETATION,NV - 6,Cropscape Group,
30009,FOREST TREES (DECIDUOUS),FOREST TREES (DECIDUOUS),Woodlands,0,? same as above,,,
30011,FOREST TREES (WESTERN HARDWOODS),FOREST TREES (WESTERN HARDWOODS),Woodlands,0,--,,,
31011,AFRICAN DAISY/GAZANIA/GAZANIA LONGISCARA,AFRICAN DAISY/GAZANIA/GAZANIA LONGISCARA,Nurseries-Outdoor,0,--,,,
31065,CHRYSANTHEMUM (MUM),CHRYSANTHEMUM (MUM),Nurseries-Outdoor,0,--,,,
32000,ORNAMENTAL PLANTS (HERB. & WOODY) (ALL OR UNSPEC),ORNAMENTAL PLANTS (HERB. & WOODY) (ALL OR UNSPEC),Nurseries-Outdoor,0,--,,,
32002,ORNAMENTAL VINES (HERB. & WOODY) (ALL OR UNSPEC.),ORNAMENTAL VINES (HERB. & WOODY) (ALL OR UNSPEC.),Nurseries-Outdoor,0,--,,,
32005,ORNAMENTAL EVERGREENS (ALL OR UNSPEC),ORNAMENTAL EVERGREENS (ALL OR UNSPEC),Nurseries-Outdoor,0,--,,,
33007,GOLF COURSE TURF,GOLF COURSE TURF,Golf Course Turf-Parks,0,UL - URBAN LANDSCAPE,UL - 2,,
33008,TURF/SOD,TURF/SOD,Golf Course Turf-Parks,0,"? same as ""Turf farms?"" P - PASTURE",P - 7,Crops,59
33009,ORNAMENTAL GROUND COVERS (ALL OR UNSPEC),ORNAMENTAL GROUND COVERS (ALL OR UNSPEC),Golf Course Turf-Parks,0,UL - URBAN LANDSCAPE,UL - 3,,
33017,BERMUDAGRASS,BERMUDAGRASS,Golf Course Turf-Parks,0,? same as above?,,,
33028,DICHONDRA (GROUND COVER),DICHONDRA (GROUND COVER),Golf Course Turf-Parks,0,--,,,
33054,LOVEGRASS,LOVEGRASS,Golf Course Turf-Parks,0,--,,,
34000,ORNAMENTAL SHRUBS (ALL OR UNSPEC) (WOODY/HERB.),ORNAMENTAL SHRUBS (ALL OR UNSPEC) (WOODY/HERB.),Nurseries-Outdoor,0,--,,,
34006,ORNAMENTAL BROADLEAF EVERGREEN SHRUBS,ORNAMENTAL BROADLEAF EVERGREEN SHRUBS,Nurseries-Outdoor,0,? not sure NR - RIPARIAN VEGETATION,NR - 3,,
34101,PHYSOCARPUS/NINEBARK; PHYSOCARPUS OPULIFOLIUS,PHYSOCARPUS/NINEBARK; PHYSOCARPUS OPULIFOLIUS,Nurseries-Outdoor,0,--,,,
34120,ROSE,ROSE,Nurseries-Outdoor,0,--,,,
35000,ORNAMENTAL AND/OR SHADE TREES (ALL OR UNSPEC),ORNAMENTAL AND/OR SHADE TREES (ALL OR UNSPEC),Woodlands,0,"? same as "" ornamental landscape (excluding lawns) irrigated"" UL - URBAN LANDSCAPE",UL - 3,,
35007,ORNAMENTAL CONIFERS (ALL OR UNSPEC),ORNAMENTAL CONIFERS (ALL OR UNSPEC),Woodlands,0,--,,,
35097,PALM; FAMILY PALMAE,PALM; FAMILY PALMAE,Woodlands,0,--,,,
35098,PINE; PINUS SPP.,PINE; PINUS SPP.,Woodlands,0,--,,,
35101,POPLAR (POPULUS SPP.),POPLAR (POPULUS SPP.),Woodlands,0,--,,,
39003,ORNAMENTAL NURSERIES (STOCK,ORNAMENTAL NURSERIES (STOCK,Nurseries-Outdoor,0,--,,,
39009,DRIED FLOWERS,DRIED FLOWERS,Nurseries-Outdoor,0,--,,,
40000,SOIL APPLICATION (AG-CROP,SOIL APPLICATION (AG-CROP,Semiagricultural,0,--,,,
40001,MANURE,MANURE,Semiagricultural,0,--,,,
40003,COMPOST,COMPOST,Semiagricultural,0,--,,,
40004,CULL PILES (FRUIT,CULL PILES (FRUIT,Semiagricultural,0,--,,,
40008,SOIL FUMIGATION/PREPLANT,SOIL FUMIGATION,Barren-Burned,0,--,,,
40011,MUSHROOM SOIL,MUSHROOM SOIL,Nurseries-Indoor,0,--,,,
40501,NURSERY SOIL,NURSERY SOIL,Nurseries-Indoor,0,--,,,
40503,SOIL AMMEMDMENT (pH,SOIL AMMEMDMENT (pH,Semiagricultural,0,--,,,
43000,PROCESSED FOOD AND FEED PRODUCTS (ALL OR UNSPEC),PROCESSED FOOD AND FEED PRODUCTS (ALL OR UNSPEC),Semiagricultural,0,--,,,
43026,DRIED FRUIT,DRIED FRUIT,Semiagricultural,0,--,,,
43044,ANIMAL FEED (ALL OR UNSPEC),ANIMAL FEED (ALL OR UNSPEC),Semiagricultural,0,? not sure S - SEMIAGRICULTURAL & INCIDENTAL TO AGRICULTURE,"S - 2 ""livestock feed lot operations""",,
45004,TREATMENT OF EMPTY CONTAINERS (PROCESSED PRODUCTS),TREATMENT OF EMPTY CONTAINERS (PROCESSED PRODUCTS),Barren-Burned,0,--,,,
46000,STORAGE AREA/BOX,STORAGE AREA/BOX,Barren-Burned,0,UI - INDUSTRIAL,UI - 3,,
46502,GRANARY,GRANARY,Semiagricultural,0,--,,,
50001,DAIRY ANIMALS (NON-LACTATING),DAIRY ANIMALS (NON-LACTATING),Semiagricultural,0,--,,,
50002,DAIRY CATTLE (ALL OR UNSPEC),DAIRY CATTLE (ALL OR UNSPEC),Semiagricultural,0,--,,,
50006,DAIRY GOATS - NON-LACTATING,DAIRY GOATS - NON-LACTATING,Semiagricultural,0,--,,,
52000,LIVESTOCK,LIVESTOCK,Semiagricultural,0,S - SEMIAGRICULTURAL & INCIDENTAL TO AGRICULTURE,S - 2,,
52003,CATTLE,CATTLE,Semiagricultural,0,--,,,
52004,CATTLE (LACTATING) (UNSPEC) (DAIRY,CATTLE (LACTATING) (UNSPEC) (DAIRY,Semiagricultural,0,--,,,
52005,CATTLE (NON-LACTATING) (UNSPEC) (DAIRY,CATTLE (NON-LACTATING) (UNSPEC) (DAIRY,Semiagricultural,0,--,,,
52013,SHEEP,SHEEP,Semiagricultural,0,--,,,
52018,PIG,PIG,Semiagricultural,0,--,,,
52510,HONEY BEES,HONEY BEES,Semiagricultural,0,--,,,
54000,PETS (ALL OR UNSPEC),PETS (ALL OR UNSPEC),Semiagricultural,0,--,,,
55000,POULTRY,POULTRY,Semiagricultural,0,"? is this same as "" poultry farms""? S - SEMIAGRICULTURAL & INCIDENTAL TO AGRICULTURE",S - 4,,
55001,CHICKEN,CHICKEN,Semiagricultural,0,--,,,
55002,DUCK,DUCK,Semiagricultural,0,"? is "" permanent or seasonal duck marsh"" relevant? NR - RIPARIAN VEGETATION",NR - 4 OR NR - 5?,,
55008,TURKEY,TURKEY,Semiagricultural,0,--,,,
55501,EGG,EGG,Semiagricultural,0,--,,,
56005,HORSE,HORSE,Semiagricultural,0,--,,,
60000,DAIRY EQUIPMENT,DAIRY EQUIPMENT,Semiagricultural,0,--,,,
60004,MILKING STALLS OR PARLORS (EXCLUDING DAIRY BARNS),MILKING STALLS OR PARLORS (EXCLUDING DAIRY BARNS),Semiagricultural,0,--,,,
60501,DAIRY BARNS,DAIRY BARNS,Semiagricultural,0,--,,,
61000,FARM/AG BUILDING,FARM/AG BUILDING,Semiagricultural,0,"? is "" farmstead (includes a farm residence)"" relevant S - SEMIAGRICULTURAL & INCIDENTAL TO AGRICULTURE", S - 1 or S - 5,,
61001,ANIMAL PREMISE,ANIMAL PREMISE,Semiagricultural,0,--,,,
61005,SILOS,SILOS,Semiagricultural,0,--,,,
61006,GREENHOUSE FUMIGATION,GREENHOUSE,Nurseries-Indoor,0,"? same as "" greenhouse""?",,,
61007,MUSHROOM HOUSE,MUSHROOM,Nurseries-Indoor,0,--,,,
61008,BEEHIVE,BEEHIVE,Semiagricultural,0,--,,,
61009,BARNS,BARNS,Semiagricultural,0,--,,,
61015,GREENHOUSES (IN USE),GREENHOUSES (IN USE),Nurseries-Indoor,0,"T - TRUCK, NURSERY AND BERRY CROPS",T - 27,,
63000,HOUSEHOLD,HOUSEHOLD,Urban-CalPIP,0,--,,,
64500,LUMBER,LUMBER,Ag_Trees,0,--,,,
64501,LUMBER (SEASONED/UNSEASONED),LUMBER (SEASONED/UNSEASONED),Ag_Trees,0,--,,,
65000,WATER AREA,WATER AREA,Water,0,NW - WATER SURFACE,NW,Open Water - Other,111
65011,SWIMMING POOL,SWIMMING POOL,Water,0,--,,,
65013,DRAINAGE SYSTEMS (ALL OR UNSPEC),DRAINAGE SYSTEMS (ALL OR UNSPEC),Water,0,NW - WATER SURFACE,NW - 3,,
65015,WATER FILTER,WATER FILTER,Water,0,--,,,
65019,WATER COOLING TOWERS,WATER COOLING TOWERS,Water,0,--,,,
65021,DITCH BANK,DITCH BANK,Water,0,"? not sure, multiple categories for ditches NW - WATER SURFACE",NW - 3 OR NW - 2,,
65026,SEWAGE SYSTEM,SEWAGE SYSTEM,Urban-CalPIP,0,? same as above?,,,
65029,INDUSTRIAL PROCESSING WATER,INDUSTRIAL PROCESSING WATER,Water,0,"? same as "" industrial , general processing?"" UI - INDUSTRIAL",UI - 1,,
65031,LAKES,LAKES,Water,0,NW - WATER SURFACE,NW - 4,,
65034,INDUSTRIAL,INDUSTRIAL,Urban-CalPIP,0,?general category UI - INDUSTRIAL,UI,,
65043,WASTE WATER,WASTE WATER,Water,0,NW - WATER SURFACE,NW - 6,,
65501,AQUATIC SITE - HUMAN/ANIMAL USE (COMBINED SITE),AQUATIC SITE - HUMAN/ANIMAL USE (COMBINED SITE),Water,0,"? not sure includes: ""storage and distrubution (railroad marshalling yards)"" UI - INDUSTRIAL",,Other,92
65503,WATER (INDUSTRIAL),WATER (INDUSTRIAL),Water,0,?includes waste or sewage water?,,Water - Other,83
66000,UNCULTIVATED AG,UNCULTIVATED AG,Semiagricultural,0,--,,,
66001,FENCEROWS,FENCEROWS,Semiagricultural,0,--,,,
66002,FALLOW OR IDLE LAND (HEADLANDS OF FIELDS,FALLOW OR IDLE LAND (HEADLANDS OF FIELDS,Idle-Fallow,0,I - IDLE,? not sure depends on land area being cropped or being prepared for crop production?,Non-Crop,61
67000,UNCULTIVATED NON-AG,UNCULTIVATED,Semiagricultural,0,--,,,
67001,AIRPORT,AIRPORT,Urban-CalPIP,0,UV - VACANT,UV - 6,,
67002,RECREATION AREA,RECREATION AREA,Golf Course Turf-Parks,0,R - RECREATIONAL,R,,
67003,BUILDINGS/NON-AG OUTDOOR,BUILDINGS,Urban-CalPIP,0,"? all general buidling including auditoriums, theaters, churches, buildings, etc.  UC - COMMERCIAL",UC - 7,,
67005,RAILROAD RIGHTS-OF-WAY,RAILROAD RIGHTS-OF-WAY,Urban-CalPIP,0,UV - VACANT,UV - 3,,
67008,SEWAGE DISPOSAL AREAS (MUNICIPAL AND OTHER),SEWAGE DISPOSAL AREAS (MUNICIPAL AND OTHER),Urban-CalPIP,0,"? same as "" sewage treatment plant including ponds"" UI - INDUSTRIAL",UI - 13,,
67009,INDUSTRIAL SITES,INDUSTRIAL SITES,Urban-CalPIP,0,?general category UI - INDUSTRIAL,UI,,
67013,RIGHTS-OF-WAY (UNSPEC) (FIRELANES,RIGHTS-OF-WAY (UNSPEC) (FIRELANES,Urban-CalPIP,0,--,,,
67015,FENCEROWS,FENCEROWS,Semiagricultural,0,--,,,
67016,SOIL STERILIZATION OF UNCULT.,SOIL STERILIZATION OF UNCULT.,Idle-Fallow,0,--,,,
68002,RESIDENTIAL,RESIDENTIAL,Urban-CalPIP,0,UR - RESIDENTIAL,UR,,
68005,NON-AGRICULTURAL AREAS (PUBLIC HEALTH TREATMENT),NON-AGRICULTURAL AREAS (PUBLIC HEALTH TREATMENT),Urban-CalPIP,0,"? include ""Sewage treatment plant including ponds""? UI - INDUSTRIAL",UI - 13,,
68009,FENCEROWS,FENCEROWS,Semiagricultural,0,--,,,
68010,ANIMAL BURROWS,ANIMAL BURROWS,Barren-Burned,0,--,,,
68015,MAMMAL CONTROL- WIDE AREA- AG COM,MAMMAL CONTROL- WIDE AREA- AG COM,Barren-Burned,0,--,,,
68501,ANIMAL BURROW ENTRANCES,ANIMAL BURROW ENTRANCES,Barren-Burned,0,--,,,
69000,BOAT/PIER,BOAT/PIER,Urban-CalPIP,0,--,,,
70000,COMMERCIAL TRANSPORT FACILITIES (ALL OR UNSPEC),COMMERCIAL TRANSPORT FACILITIES (ALL OR UNSPEC),Urban-CalPIP,0,--,,,
70005,RAILWAY CARS (NONFEED/FOOD) (TRAINS,RAILWAY CARS (NONFEED/FOOD) (TRAINS,Urban-CalPIP,0,"? not sure includes: ""storage and distrubution (railroad marshalling yards)"" UI - INDUSTRIAL",UI - 3,,
71000,FOOD PROCRESSING PLANT,FOOD PROCRESSING PLANT,Urban-CalPIP,0,"? includes: ""fruit and vegetable canneries and general food processing?"" UI - INDUSTRIAL",,,
71502,FOOD PROCESSING/HANDLING PLANT/AREA (NONFOOD AREA),FOOD PROCESSING/HANDLING PLANT/AREA (NONFOOD AREA),Urban-CalPIP,0,"? includes: ""fruit and vegetable canneries and general food processing?"" UI - INDUSTRIAL",UI - 11,,
72000,RESTAURANT,RESTAURANT,Urban-CalPIP,0,--,,,
73007,FOOD MARKETING,FOOD MARKETING,Urban-CalPIP,0,?not sure,,,
74000,HOSPITAL,HOSPITAL,Urban-CalPIP,0,"? ""Institutions including hospitals, prisons, etc"" UC - COMMERCIAL",UC - 5 ,,
77000,INDUSTRIAL SITE,INDUSTRIAL SITE,Urban-CalPIP,0,?general category UI - INDUSTRIAL,UI,,
77004,COMMERCIAL STORAGES OR WAREHOUSES (ALL OR UNSPEC),COMMERCIAL STORAGES OR WAREHOUSES (ALL OR UNSPEC),Urban-CalPIP,0,"? storage and distrubution warehouses, substations, etc.  UI - INDUSTRIAL",UI - 3,,
87000,FABRIC TREATMENT (FABRICS,FABRIC TREATMENT (FABRICS,Urban-CalPIP,0,--,,,
89000,REFUSE AND SOLID WASTE,REFUSE AND SOLID WASTE,Urban-CalPIP,0,"? same as "" barren or wasteland"" NB - BARREN AND WASTELAND",NB ,,
90013,BEEHIVES,BEEHIVES,Semiagricultural,0,--,,,
90018,UNSPECIFIED SITES (DISINFECTANTS ONLY),UNSPECIFIED SITES (DISINFECTANTS ONLY),Barren-Burned,0,--,,,
90504,FUMIGATION (ALL OR UNSPEC) (SITE CROSS GROUPING),FUMIGATION (ALL OR UNSPEC) (SITE CROSS GROUPING),Barren-Burned,0,--,,,
99001,PESTICIDE PRODS FOR FORM. OF OTHER PRODS,PESTICIDE PRODS FOR FORM. OF OTHER PRODS,None,0,--,,,
99999,UNDECLARED COMMODITY,UNDECLARED COMMODITY,Semiagricultural,0,,,,
990,AGENCY,AGENCY,Urban-CalPIP,,,,,
3101,ALFALFA,ALFALFA,Field Crops,,,,,
3110,ALFALFA SPROUTS,ALFALFA SPROUTS,Rotational 30-day,,,,,
4101,ALMOND,ALMOND,Deciduous fruits and nuts,,,,,
5401,ANISE,ANISE,Rotational 30-day,,,,,
2201,APPLE,APPLE,Deciduous fruits and nuts,,,,,
2301,APRICOT,APRICOT,Deciduous fruits and nuts,,,,,
1231,Artichokes,Artichokes,Artichokes,,,,,
1232,ASPARAGUS,ASPARAGUS,Artichokes,,,,,
2401,AVOCADO,AVOCADO,Citrus and subtropical,,,,,
2411,BANANA,BANANA,Citrus and subtropical,,,,,
3301,BARLEY,BARLEY,Grain Crops,,,,,
1331,BEAN,BEAN,Legumes,,,,,
1330,BEAN,BEAN,Legumes,,,,,
1335,BEAN,BEAN,Legumes,,,,,
1336,BEAN,BEAN,Legumes,,,,,
1337,BEAN SPROUTS,BEAN SPROUTS,Rotational 30-day,,,,,
1111,BEET,BEET,Root Vegetables,,,,,
2502,BERRY,BERRY,Cane-Bush Berries,,,,,
3102,BIRDSFOOT/TREFOIL,BIRDSFOOT/TREFOIL,Field Crops,,,,,
2504,BLUEBERRY,BLUEBERRY,Cane-Bush Berries,,,,,
2505,BOYSENBERRY,BOYSENBERRY,Cane-Bush Berries,,,,,
2506,BUSHBERRY,BUSHBERRY,Cane-Bush Berries,,,,,
1221,BROCCOLI,BROCCOLI,Crucifers-Cabbages,,,,,
1222,BRUSSELS SPROUTS,BRUSSELS SPROUTS,Crucifers-Cabbages,,,,,
7600,BULBS,BULBS,Nurseries-Outdoor,,,,,
1223,CABBAGE,CABBAGE,Crucifers-Cabbages,,,,,
1253,CACTUS LEAF,CACTUS LEAF,Citrus and subtropical,,,,,
1254,CACTUS PEAR,CACTUS PEAR,Citrus and subtropical,,,,,
1218,CARDOON,CARDOON,Artichokes,,,,,
1112,CARROT,CARROT,Carrots,,,,,
4201,CASTORBEAN,CASTORBEAN,Seed-Oil,,,,,
6101,CATTLE,CATTLE,Semiagricultural,,,,,
1224,CAULIFLOWER,CAULIFLOWER,Crucifers-Cabbages,,,,,
1235,CELERIAC,CELERIAC,Field Crops,,,,,
1233,CELERY,CELERY,Celery,,,,,
1217,CHARD,CHARD,Rotational 30-day,,,,,
1346,CHERIMOYA,CHERIMOYA,Deciduous fruits and nuts,,,,,
1255,CHAYOTE,CHAYOTE,Cucumber-Melons-Squash,,,,,
2302,CHERRY,CHERRY,Deciduous fruits and nuts,,,,,
4102,CHESTNUT,CHESTNUT,Deciduous fruits and nuts,,,,,
6201,CHICKEN,CHICKEN,Semiagricultural,,,,,
5205,CHICORY,CHICORY,Field Crops,,,,,
1251,CHINESE GREENS,CHINESE GREENS,Rotational 30-day,,,,,
1211,CHIVE,CHIVE,Rotational 30-day,,,,,
1252,CHOP SUEY,CHOP SUEY,Rotational 30-day,,,,,
1256,CILANTRO,CILANTRO,Rotational 30-day,,,,,
2100,CITRUS,CITRUS,Citrus and subtropical,,,,,
2105,CITRUS,CITRUS,Citrus and subtropical,,,,,
6,CITY AGENCY,CITY AGENCY,Urban-CalPIP,,,,,
991,CITY AGENCY,CITY AGENCY,Urban-CalPIP,,,,,
3103,CLOVER,CLOVER,Field Crops,,,,,
2412,COCONUT,COCONUT,Citrus and subtropical,,,,,
1257,COLABRAISE,COLABRAISE,Grain Crops,,,,,
1220,COLE CROP,COLE CROP,Crucifers-Cabbages,,,,,
1236,COLE SLAW,COLE SLAW,Crucifers-Cabbages,,,,,
1225,COLLARD,COLLARD,Legumes,,,,,
7301,CONIFER,CONIFER,Ag_Trees,,,,,
3302,CORN,CORN,Corn,,,,,
3201,COTTON,COTTON,Field Crops,,,,,
7,COUNTY AGRICULTURAL COMMISSIONER,COUNTY AGRICULTURAL COMMISSIONER,Urban-CalPIP,,,,,
975,COUNTY AGRICULTURAL COMMISSIONER,COUNTY AGRICULTURAL COMMISSIONER,Urban-CalPIP,,,,,
945,COUNTY ROAD,COUNTY ROAD,Urban-CalPIP,,,,,
4204,COTTONSEED,COTTONSEED,Field Crops,,,,,
2507,CRANBERRY,CRANBERRY,Cane-Bush Berries,,,,,
1313,CUCUMBER,CUCUMBER,Cucumber-Melons-Squash,,,,,
1127,DAIKON,DAIKON,Root Vegetables,,,,,
1237,DANDELION GREENS,DANDELION GREENS,Rotational 30-day,,,,,
2402,DATE,DATE,Citrus and subtropical,,,,,
7200,DECIDUOUS ORNAMENTAL TREE,DECIDUOUS ORNAMENTAL TREE,Ag_Trees,,,,,
5402,DILL,DILL,Rotational 30-day,,,,,
6300,DOMESTIC ANIMAL,DOMESTIC ANIMAL,Semiagricultural,,,,,
9301,DRIED FRUIT,DRIED FRUIT,Deciduous fruits and nuts,,,,,
6202,DUCK,DUCK,Semiagricultural,,,,,
1341,EGGPLANT,EGGPLANT,Tomato-Peppers,,,,,
6204,EGGS,EGGS,Semiagricultural,,,,,
1219,ENDIVE,ENDIVE,Crucifers-Cabbages,,,,,
1238,ESCAROLE,ESCAROLE,Lettuce,,,,,
7300,EVERGREEN TREE/SHRUB,EVERGREEN TREE/SHRUB,Ag_Trees,,,,,
7302,EVERGREEN TREE,EVERGREEN TREE,Ag_Trees,,,,,
9101,FALLOW FARM LAND,FALLOW FARM LAND,Barren-Burned,,,,,
1,FEDERAL AGENCY,FEDERAL AGENCY,Urban-CalPIP,,,,,
970,FEDERAL AGENCY,FEDERAL AGENCY,Urban-CalPIP,,,,,
3200,FIBER CROP,FIBER CROP,Field Crops,,,,,
2415,FIEJOA,FIEJOA,Citrus and subtropical,,,,,
2403,FIG,FIG,Deciduous fruits and nuts,,,,,
3204,FLAX,FLAX,Field Crops,,,,,
8,FLOOD CONTROL,FLOOD CONTROL,Semiagricultural,,,,,
955,FLOOD CONTROL,FLOOD CONTROL,Semiagricultural,,,,,
7500,FLOWER,FLOWER,Nurseries-Outdoor,,,,,
8100,FOOD AREA,FOOD AREA,Semiagricultural,,,,,
8102,FOOD PROCESSING PLANT,FOOD PROCESSING PLANT,Semiagricultural,,,,,
3100,FORAGE,FORAGE,Field Crops,,,,,
7700,FOREST/TIMBERLAND,FOREST/TIMBERLAND,Ag_Trees,,,,,
1258,FUKI,FUKI,Field Crops,,,,,
1239,GAI CHOY,GAI CHOY,Rotational 30-day,,,,,
1240,GAI LON,GAI LON,Crucifers-Cabbages,,,,,
1121,GARLIC,GARLIC,Onions-Garlic,,,,,
5102,GINGER,GINGER,Root Vegetables,,,,,
2508,GOOSEBERRY,GOOSEBERRY,Cane-Bush Berries,,,,,
3300,GRAIN,GRAIN,Grain Crops,,,,,
2503,GRAPE,GRAPE,Vineyards,,,,,
2101,GRAPEFRUIT,GRAPEFRUIT,Citrus and subtropical,,,,,
8002,GREENHOUSE FUMIGATION,GREENHOUSE FUMIGATION,Semiagricultural,,,,,
9208,GYPSY MOTH-AIR,GYPSY MOTH-AIR,Semiagricultural,,,,,
9207,GYPSY MOTH-GROUND,GYPSY MOTH-GROUND,Semiagricultural,,,,,
3202,HEMP,HEMP,Field Crops,,,,,
5501,HONEY,HONEY,Semiagricultural,,,,,
5301,HOPS,HOPS,Grain Crops,,,,,
6102,HORSE,HORSE,Semiagricultural,,,,,
5101,HORSERADISH,HORSERADISH,Root Vegetables,,,,,
9209,HOSPITAL,HOSPITAL,Urban-CalPIP,,,,,
9210,HOUSEHOLD,HOUSEHOLD,Urban-CalPIP,,,,,
9201,INDUSTRIAL AREA,INDUSTRIAL AREA,Urban-CalPIP,,,,,
9,IRRIGATION DISTRICT,IRRIGATION DISTRICT,Urban-CalPIP,,,,,
960,IRRIGATION DISTRICT,IRRIGATION DISTRICT,Urban-CalPIP,,,,,
1128,JICAMA,JICAMA,Root Vegetables,,,,,
1226,KALE,KALE,Lettuce,,,,,
2404,KIWI,KIWI,Citrus and subtropical,,,,,
1228,KOHLRABI,KOHLRABI,Lettuce,,,,,
2108,KUMQUAT,KUMQUAT,Citrus and subtropical,,,,,
1122,LEEK,LEEK,Lettuce,,,,,
3109,LEGUME,LEGUME,Legumes,,,,,
2102,LEMON,LEMON,Citrus and subtropical,,,,,
1212,LETTUCE,LETTUCE,Lettuce,,,,,
1213,LETTUCE,LETTUCE,Lettuce,,,,,
1241,LETTUCE,LETTUCE,Lettuce,,,,,
2106,LIME,LIME,Citrus and subtropical,,,,,
6100,LIVESTOCK,LIVESTOCK,Semiagricultural,,,,,
8003,LIVESTOCK BUILDING,LIVESTOCK BUILDING,Semiagricultural,,,,,
6109,LIVESTOCK,LIVESTOCK,Semiagricultural,,,,,
9205,MEDFLY-AIR,MEDFLY-AIR,Semiagricultural,,,,,
9206,MEDFLY-GROUND,MEDFLY-GROUND,Semiagricultural,,,,,
5103,LOTUS ROOT,LOTUS ROOT,Root Vegetables,,,,,
2107,MADARIN,MADARIN,Citrus and subtropical,,,,,
2413,MANGO,MANGO,Citrus and subtropical,,,,,
1311,MELON,MELON,Cucumber-Melons-Squash,,,,,
1310,MELON,MELON,Cucumber-Melons-Squash,,,,,
5201,MINT,MINT,Rotational 30-day,,,,,
9999,MISCELLANEOUS,MISCELLANEOUS,Semiagricultural,,,,,
9000,MISCELLANEOUS AREA/COMMODITY,MISCELLANEOUS AREA/COMMODITY,Semiagricultural,,,,,
9300,MISCELLANEOUS COMMODITY,MISCELLANEOUS COMMODITY,Semiagricultural,,,,,
1259,MIZUNA,MIZUNA,Crucifers-Cabbages,,,,,
9302,MUSHROOM,MUSHROOM,Nurseries-Indoor,,,,,
1227,MUSTARD,MUSTARD,Rotational 30-day,,,,,
1242,NAPA CABBAGE,NAPA CABBAGE,Crucifers-Cabbages,,,,,
2303,NECTARINE,NECTARINE,Deciduous fruits and nuts,,,,,
9200,NONAGRICULTURAL AREA,NONAGRICULTURAL AREA,Urban-CalPIP,,,,,
4100,NUTS,NUTS,Deciduous fruits and nuts,,,,,
4109,NUTS,NUTS,Deciduous fruits and nuts,,,,,
3303,OAT,OAT,Grain Crops,,,,,
4200,OILSEED,OILSEED,Seed oil,,,,,
1332,OKRA,OKRA,Cucumber-Melons-Squash,,,,,
2405,OLIVE,OLIVE,Citrus and subtropical,,,,,
1123,ONION,ONION,Onions-Garlic,,,,,
1125,ONION,ONION,Onions-Garlic,,,,,
1126,ONION,ONION,Onions-Garlic,,,,,
9100,OPEN LAND,OPEN LAND,Barren-Burned,,,,,
2103,ORANGE,ORANGE,Citrus and subtropical,,,,,
9102,ORCHARD FLOOR,ORCHARD FLOOR,Deciduous fruits and nuts,,,,,
1229,ORIENTAL VEGETABLE,ORIENTAL VEGETABLE,Rotational 30-day,,,,,
400,OTHER AGENCY,OTHER AGENCY,Urban-CalPIP,,,,,
2414,PAPAYA,PAPAYA,Citrus and subtropical,,,,,
1214,PARSLEY,PARSLEY,Rotational 30-day,,,,,
5104,PARSLEY ROOT,PARSLEY ROOT,Root Vegetables,,,,,
1113,PARSNIP,PARSNIP,Root Vegetables,,,,,
3104,PASTURE/RANGELAND,PASTURE/RANGELAND,Pasture,,,,,
2304,PEACH,PEACH,Deciduous fruits and nuts,,,,,
2202,PEAR,PEAR,Deciduous fruits and nuts,,,,,
1333,PEAS,PEAS,Legumes,,,,,
4103,PECAN,PECAN,Deciduous fruits and nuts,,,,,
1342,PEPPER,PEPPER,Tomato-Peppers,,,,,
1343,PEPPER,PEPPER,Tomato-Peppers,,,,,
2408,PERSIMMON,PERSIMMON,Deciduous fruits and nuts,,,,,
5302,PIMENTO,PIMENTO,Rotational 30-day,,,,,
2409,PINEAPPLE,PINEAPPLE,Citrus and subtropical,,,,,
4104,PISTACHIO,PISTACHIO,Deciduous fruits and nuts,,,,,
2305,PLUM,PLUM,Deciduous fruits and nuts,,,,,
2200,POME FRUIT,POME FRUIT,Deciduous fruits and nuts,,,,,
2406,POMEGRANATE,POMEGRANATE,Citrus and subtropical,,,,,
1124,POTATO,POTATO,Root Vegetables,,,,,
6200,POULTRY,POULTRY,Semiagricultural,,,,,
2306,PRUNE,PRUNE,Deciduous fruits and nuts,,,,,
1322,PUMPKIN,PUMPKIN,Cucumber-Melons-Squash,,,,,
2203,QUINCE,QUINCE,Deciduous fruits and nuts,,,,,
1114,RADISH,RADISH,Root Vegetables,,,,,
3203,RAMIE,RAMIE,Rotational 30-day,,,,,
1243,RAPPINI,RAPPINI,Crucifers-Cabbages,,,,,
965,RECLAMATION DISTRICT,RECLAMATION DISTRICT,Urban-CalPIP,,,,,
980,RECREATIONAL AREA,RECREATIONAL AREA,Urban-CalPIP,,,,,
9202,RECREATIONAL AREA/PARK,RECREATIONAL AREA/PARK,Urban-CalPIP,,,,,
9203,RESIDENTIAL AREA,RESIDENTIAL AREA,Urban-CalPIP,,,,,
8101,RESTAURANT/EATING ESTABLISHMENT,RESTAURANT/EATING ESTABLISHMENT,Urban-CalPIP,,,,,
1234,RHUBARB,RHUBARB,Rotational 30-day,,,,,
3304,RICE,RICE,Rice,,,,,
7501,ROSE,ROSE,Nurseries-Outdoor,,,,,
1119,RUTABAGA,RUTABAGA,Root Vegetables,,,,,
3305,RYE,RYE,Grain Crops,,,,,
3105,RYEGRASS,RYEGRASS,Grain Crops,,,,,
4202,SAFFLOWER,SAFFLOWER,Seed oil,,,,,
5202,SAGE,SAGE,Rotational 30-day,,,,,
1244,SALAD MIX,SALAD MIX,Rotational 30-day,,,,,
1115,SALSIFY,SALSIFY,Root Vegetables,,,,,
1245,SAVOY CABBAGE,SAVOY CABBAGE,Crucifers-Cabbages,,,,,
11,SCHOOL DISTRICT,SCHOOL DISTRICT,Urban-CalPIP,,,,,
993,SCHOOL DISTRICT,SCHOOL DISTRICT,Urban-CalPIP,,,,,
5403,SESAME SEED,SESAME SEED,Seed oil,,,,,
6103,SHEEP/LAMB,SHEEP/LAMB,Semiagricultural,,,,,
1260,SHINGI KU,SHINGI KU,Rotational 30-day,,,,,
7400,SHRUB,SHRUB,Nursery-Outdoor,,,,,
9103,SOIL FUMIGATION,SOIL FUMIGATION,Semiagricultural,,,,,
3306,SORGHUM,SORGHUM,Grain Crops,,,,,
1334,SOYBEAN,SOYBEAN,Grain Crops,,,,,
5300,SPICE,SPICE,Deciduous fruits and nuts,,,,,
5200,SPICE,SPICE,Rotational 30-day,,,,,
5100,SPICE,SPICE,Root Vegetables,,,,,
5400,SPICE,SPICE,Seed oil,,,,,
1215,SPINACH,SPINACH,Rotational 30-day,,,,,
1321,SQUASH,SQUASH,Cucumber-Melons-Squash,,,,,
1320,SQUASH,SQUASH,Cucumber-Melons-Squash,,,,,
1323,SQUASH,SQUASH,Cucumber-Melons-Squash,,,,,
1324,SQUASH,SQUASH,Cucumber-Melons-Squash,,,,,
1246,STEW MIX,STEW MIX,Root Vegetables,,,,,
2,STATE HIGHWAY,STATE HIGHWAY,Urban-CalPIP,,,,,
940,STATE HIGHWAY,STATE HIGHWAY,Urban-CalPIP,,,,,
2300,STONE FRUIT,STONE FRUIT,Deciduous fruits and nuts,,,,,
773,STRUCTURAL,STRUCTURAL,Urban-CalPIP,,,,,
9204,STRUCTURAL CONTROL,STRUCTURAL CONTROL,Urban-CalPIP,,,,,
2407,SUBTROPICAL FRUIT,SUBTROPICAL FRUIT,Citrus and subtropical,,,,,
3106,SUDANGRASS,SUDANGRASS,Field Crops,,,,,
1116,SUGARBEET,SUGARBEET,Root Vegetables,,,,,
2410,SUGARCANE,SUGARCANE,Corn,,,,,
4203,SUNFLOWER,SUNFLOWER,Nursery-Outdoor,,,,,
5203,SWEET BASIL,SWEET BASIL,Rotational 30-day,,,,,
1117,SWEET POTATO,SWEET POTATO,Root Vegetables,,,,,
9211,SWIMMING POOL,SWIMMING POOL,Water,,,,,
6104,SWINE,SWINE,Semiagricultural,,,,,
1216,SWISS CHARD,SWISS CHARD,Lettuce,,,,,
2104,TANGERINE/TANGELO,TANGERINE/TANGELO,Citrus and subtropical,,,,,
1247,TARO ROOT,TARO ROOT,Root Vegetables,,,,,
5204,TARRAGON,TARRAGON,Rotational 30-day,,,,,
9303,TOBACCO,TOBACCO,Field Crops,,,,,
1345,TOMATILLA,TOMATILLA,Tomato-Peppers,,,,,
1344,TOMATO,TOMATO,Tomato-Peppers,,,,,
3309,TRITICALE,TRITICALE,Field Crops,,,,,
2400,TROPICAL AND SUB-TROPIBAL FRUIT,TROPICAL AND SUB-TROPIBAL FRUIT,Citrus and subtropical,,,,,
7100,TURF,TURF,Urban-CalPIP,,,,,
6203,TURKEY,TURKEY,Semiagricultural,,,,,
1118,TURNIP,TURNIP,Root Vegetables,,,,,
1248,TURNIP GREENS,TURNIP GREENS,Rotational 30-day,,,,,
3,UNIVERSITY OF CALIFORNIA,UNIVERSITY OF CALIFORNIA,Urban-CalPIP,,,,,
985,UNIVERSITY OF CALIFORNIA,UNIVERSITY OF CALIFORNIA,Urban-CalPIP,,,,,
4,VECTOR CONTROL,VECTOR CONTROL,Semiagricultural,,,,,
881,VECTOR CONTROL,VECTOR CONTROL,Semiagricultural,,,,,
1300,VEGETABLE,VEGETABLE,Tomato-Peppers,,,,,
1340,VEGETABLE,VEGETABLE,Tomato-Peppers,,,,,
1210,VEGETABLE,VEGETABLE,Lettuce,,,,,
1200,VEGETABLE,VEGETABLE,Lettuce,,,,,
1110,VEGETABLE,VEGETABLE,Root Vegetables,,,,,
1100,VEGETABLE,VEGETABLE,Root Vegetables,,,,,
4500,VEGETABLE SEED,VEGETABLE SEED,Legumes,,,,,
1230,VEGETABLE,VEGETABLE,Tomato-Peppers,,,,,
1120,VEGETABLE,VEGETABLE,Root Vegetables,,,,,
1261,VEROJLAGA,VEROJLAGA,Field Crops,,,,,
3107,VETCH,VETCH,Field Crops,,,,,
4105,WALNUT,WALNUT,Deciduous fruits and nuts,,,,,
9104,WATER AREA,WATER AREA,Water,,,,,
5,WATER RESOURCES,WATER RESOURCES,Water,,,,,
950,WATER RESOURCES,WATER RESOURCES,Water,,,,,
1249,WATERCRESS,WATERCRESS,Rotational 30-day,,,,,
1312,WATERMELON,WATERMELON,Cucumber-Melons-Squash,,,,,
3307,WHEAT,WHEAT,Grain Crops,,,,,
3308,WILD RICE,WILD RICE,Rice,,,,,
1250,YAM,YAM,Root Vegetables,,,,,
1325,ZUCCHINI,ZUCCHINI,Cucumber-Melons-Squash,,,,,
